City_ID,City,Country,Date,Lat,Lng,Max Temp,Humidity,Cloudiness,Wind Speed
0,Mahebourg,MU,2021-07-28 00:11:51,-20.4081,57.7,68.25,88,98,16.31
1,Matamoros,MX,2021-07-28 00:10:08,25.5333,-103.25,95.11,25,40,11.5
2,Portland,US,2021-07-28 00:09:07,45.5234,-122.6762,91.53,40,20,1.01
3,Souillac,MU,2021-07-28 00:12:43,-20.5167,57.5167,68.36,90,100,15.32
4,Shimoda,JP,2021-07-28 00:03:43,34.6667,138.95,88.11,76,98,10.76
5,Albany,US,2021-07-28 00:08:55,42.6001,-73.9662,69.46,89,67,1.7
6,Bluff,NZ,2021-07-28 00:12:44,-46.6,168.3333,51.8,71,19,12.55
7,Constitucion,CL,2021-07-28 00:12:44,-35.3333,-72.4167,46.92,73,0,6.73
8,Nikolskoye,RU,2021-07-28 00:12:44,59.7035,30.7861,65.01,66,93,4.54
9,Mar Del Plata,AR,2021-07-28 00:12:45,-38.0023,-57.5575,47.08,66,75,11.99
10,Imeni Morozova,RU,2021-07-28 00:12:45,59.9757,31.0376,65.16,7,78,4.34
11,Mataura,NZ,2021-07-28 00:12:45,-46.1927,168.8643,51.48,77,51,0.78
12,Merauke,ID,2021-07-28 00:12:45,-8.4667,140.3333,80.42,78,83,11.03
13,Bredasdorp,ZA,2021-07-28 00:12:46,-34.5322,20.0403,54.28,69,100,13.04
14,Jolo,PH,2021-07-28 00:12:46,6.05,121.0167,83.14,79,82,9.31
15,Sitka,US,2021-07-28 00:10:05,57.0531,-135.33,60.69,77,75,0.0
16,Valparaiso,CL,2021-07-28 00:08:06,-33.0393,-71.6273,54.48,72,0,3.44
17,Achinsk,RU,2021-07-28 00:12:47,56.2694,90.4993,53.58,88,73,0.76
18,Llangefni,GB,2021-07-28 00:12:47,53.2556,-4.3106,60.66,88,75,10.36
19,Senneterre,CA,2021-07-28 00:12:47,48.3835,-77.2328,59.05,67,86,4.05
20,Khatanga,RU,2021-07-28 00:12:47,71.9667,102.5,80.17,50,69,17.09
21,Ushuaia,AR,2021-07-28 00:12:48,-54.8,-68.3,37.06,93,90,1.14
22,Tual,ID,2021-07-28 00:12:48,-5.6667,132.75,80.87,82,84,16.06
23,Kapaa,US,2021-07-28 00:08:51,22.0752,-159.319,84.52,77,90,1.99
24,Flin Flon,CA,2021-07-28 00:12:48,54.7682,-101.865,73.26,53,81,8.16
25,Puerto Ayora,EC,2021-07-28 00:12:15,-0.7393,-90.3518,72.09,79,9,11.18
26,Busselton,AU,2021-07-28 00:12:49,-33.65,115.3333,49.05,76,97,14.61
27,Saint Anthony,US,2021-07-28 00:12:49,45.0205,-93.218,93.9,58,1,3.0
28,Barrow,US,2021-07-28 00:09:39,71.2906,-156.7887,42.82,87,90,17.27
29,Victoria,HK,2021-07-28 00:10:08,22.2855,114.1577,90.97,87,98,1.01
30,Sola,VU,2021-07-28 00:12:49,-13.8833,167.55,80.17,77,69,23.94
31,Rawson,AR,2021-07-27 23:59:06,-43.3002,-65.1023,42.28,67,48,16.8
32,Sur,OM,2021-07-28 00:12:50,22.5667,59.5289,95.77,43,100,22.91
33,Kruisfontein,ZA,2021-07-28 00:12:50,-34.0033,24.7314,52.88,87,9,16.22
34,New Norfolk,AU,2021-07-28 00:12:17,-42.7826,147.0587,56.91,75,95,3.0
35,Chokurdakh,RU,2021-07-28 00:12:13,70.6333,147.9167,44.67,59,100,11.74
36,Ponta Do Sol,PT,2021-07-28 00:12:50,32.6667,-17.1,74.01,71,8,5.35
37,Rurrenabaque,BO,2021-07-28 00:12:51,-14.4413,-67.5278,66.85,81,40,3.83
38,Leningradskiy,RU,2021-07-28 00:12:51,69.3833,178.4167,34.16,98,100,8.66
39,Laguna,US,2021-07-28 00:12:51,38.421,-121.4238,102.43,24,1,7.0
40,Bambanglipuro,ID,2021-07-28 00:02:56,-7.95,110.2833,75.54,82,72,4.9
41,Arraial Do Cabo,BR,2021-07-28 00:12:52,-22.9661,-42.0278,71.94,79,0,25.66
42,Visby,SE,2021-07-28 00:12:52,57.6409,18.296,62.85,100,36,5.75
43,Taupo,NZ,2021-07-28 00:12:52,-38.6833,176.0833,56.25,61,15,8.19
44,Rudbar,AF,2021-07-28 00:12:52,30.15,62.6,87.15,13,98,20.69
45,Vyartsilya,RU,2021-07-28 00:12:53,62.1764,30.693,58.44,96,38,4.41
46,Yairipok,IN,2021-07-28 00:12:53,24.6667,94.0667,71.33,98,98,2.21
47,Lebu,CL,2021-07-28 00:12:53,-37.6167,-73.65,47.43,79,0,22.44
48,Sambava,MG,2021-07-28 00:12:54,-14.2667,50.1667,66.2,84,48,9.78
49,Kavaratti,IN,2021-07-28 00:12:54,10.5669,72.642,81.7,78,100,19.93
50,Rikitea,PF,2021-07-28 00:12:54,-23.1203,-134.9692,74.53,78,100,13.35
51,Cairns,AU,2021-07-28 00:09:05,-16.9167,145.7667,77.11,70,90,6.91
52,Jamestown,US,2021-07-28 00:11:55,42.097,-79.2353,74.84,77,1,4.0
53,Hobart,AU,2021-07-28 00:12:51,-42.8794,147.3294,57.25,73,40,5.01
54,Punta Arenas,CL,2021-07-28 00:08:10,-53.15,-70.9167,44.11,87,75,17.27
55,Saiha,IN,2021-07-28 00:08:13,22.4833,92.9667,72.1,99,100,3.06
56,Kushiro,JP,2021-07-28 00:12:55,42.975,144.3747,70.43,86,93,3.91
57,Bethel,US,2021-07-28 00:08:21,41.3712,-73.414,81.12,72,90,3.0
58,Egvekinot,RU,2021-07-28 00:12:55,66.3167,-179.1667,40.51,90,100,10.02
59,Vaini,TO,2021-07-28 00:12:56,-21.2,-175.2,71.24,73,100,16.35
60,Upernavik,GL,2021-07-28 00:12:56,72.7868,-56.1549,50.04,71,100,12.06
61,Faanui,PF,2021-07-28 00:12:56,-16.4833,-151.75,78.1,73,23,7.11
62,Georgetown,MY,2021-07-28 00:12:06,5.4112,100.3354,80.53,94,20,0.0
63,Ovalle,CL,2021-07-28 00:12:56,-30.5983,-71.2003,56.53,48,0,2.77
64,Moscow,RU,2021-07-28 00:11:48,55.7522,37.6156,67.37,64,86,3.29
65,Hilo,US,2021-07-28 00:12:57,19.7297,-155.09,80.33,83,90,8.05
66,Namatanai,PG,2021-07-28 00:12:57,-3.6667,152.4333,84.88,66,37,4.9
67,Aklavik,CA,2021-07-28 00:01:48,68.2191,-135.0107,63.34,61,100,5.82
68,Hami,CN,2021-07-28 00:12:57,42.8,93.45,86.11,18,2,7.87
69,Bilma,NE,2021-07-28 00:12:58,18.6853,12.9164,86.29,50,75,10.2
70,Hermanus,ZA,2021-07-28 00:12:06,-34.4187,19.2345,54.81,75,90,14.7
71,Ichihara,JP,2021-07-28 00:12:58,35.5167,140.0833,88.11,70,44,13.33
72,Garissa,KE,2021-07-28 00:12:58,-0.4536,39.6401,72.14,74,65,17.83
73,Sujiatun,CN,2021-07-28 00:12:59,41.6592,123.3392,90.21,78,0,2.24
74,Darovskoy,RU,2021-07-28 00:12:59,58.77,47.9564,48.2,78,39,4.5
75,Pala,TD,2021-07-28 00:12:59,9.3642,14.9046,69.71,97,100,3.51
76,Coihaique,CL,2021-07-28 00:09:35,-45.5752,-72.0662,35.55,93,0,2.3
77,Tuktoyaktuk,CA,2021-07-28 00:13:00,69.4541,-133.0374,46.2,86,100,9.91
78,Ancud,CL,2021-07-28 00:13:00,-41.8697,-73.8203,42.33,84,93,3.13
79,Lazarev,RU,2021-07-28 00:13:00,52.225,141.5131,60.69,99,100,11.23
80,Severo-Kurilsk,RU,2021-07-28 00:13:00,50.6789,156.125,57.78,94,100,6.31
81,Labuhan,ID,2021-07-28 00:13:01,-6.8844,112.2051,75.54,81,20,8.37
82,Tasiilaq,GL,2021-07-28 00:13:01,65.6145,-37.6368,37.56,80,30,7.56
83,Hithadhoo,MV,2021-07-28 00:13:01,-0.6,73.0833,81.1,78,97,8.68
84,Saint-Pierre,RE,2021-07-28 00:03:16,-21.3393,55.4781,65.88,86,90,14.97
85,Nemuro,JP,2021-07-28 00:13:02,43.3236,145.575,81.03,90,92,6.8
86,Vanavara,RU,2021-07-28 00:13:02,60.34,102.2797,74.23,47,5,2.1
87,Yellowknife,CA,2021-07-28 00:12:08,62.456,-114.3525,61.32,47,75,1.99
88,Sao Filipe,CV,2021-07-28 00:13:02,14.8961,-24.4956,74.26,82,15,6.13
89,Yerbogachen,RU,2021-07-28 00:12:10,61.2767,108.0108,74.86,54,4,7.36
90,Dikson,RU,2021-07-28 00:13:03,73.5069,80.5464,38.1,99,100,16.2
91,Ribeira Grande,PT,2021-07-28 00:13:03,38.5167,-28.7,72.34,84,71,10.38
92,Monroe,US,2021-07-28 00:13:03,43.1501,-77.6831,73.35,81,40,10.36
93,Hambantota,LK,2021-07-28 00:13:04,6.1241,81.1185,79.61,82,99,16.44
94,Port Alfred,ZA,2021-07-28 00:13:04,-33.5906,26.891,62.02,85,14,14.43
95,Yarada,IN,2021-07-28 00:13:04,17.65,83.2667,84.52,79,75,11.5
96,San Patricio,US,2021-07-28 00:13:04,28.017,-97.5169,93.92,51,83,12.71
97,Pochutla,MX,2021-07-28 00:13:05,15.7432,-96.4661,81.82,82,99,2.33
98,Aykhal,RU,2021-07-28 00:13:05,66.0,111.5,81.21,40,18,3.2
99,Cape Town,ZA,2021-07-28 00:13:05,-33.9258,18.4232,52.12,89,88,1.01
100,Garowe,SO,2021-07-28 00:13:06,8.4054,48.4845,75.4,51,98,24.67
101,Torbay,CA,2021-07-28 00:12:02,47.6666,-52.7314,67.15,96,90,17.27
102,Vao,NC,2021-07-28 00:13:06,-22.6667,167.4833,67.96,61,100,16.44
103,Butaritari,KI,2021-07-28 00:13:06,3.0707,172.7902,81.59,70,98,2.1
104,Lompoc,US,2021-07-28 00:12:48,34.6391,-120.4579,88.12,76,11,13.8
105,Touros,BR,2021-07-28 00:03:35,-5.1989,-35.4608,76.59,84,1,12.86
106,Geraldton,AU,2021-07-28 00:13:07,-28.7667,114.6,58.12,88,90,10.36
107,Kodiak,US,2021-07-28 00:13:07,57.79,-152.4072,63.91,55,40,5.75
108,Dubuque,US,2021-07-28 00:13:07,42.4833,-90.8668,87.51,57,1,6.91
109,Ilulissat,GL,2021-07-28 00:13:08,69.2167,-51.1,55.42,67,100,3.44
110,Guerrero Negro,MX,2021-07-28 00:13:08,27.9769,-114.0611,77.27,61,0,17.2
111,Avarua,CK,2021-07-28 00:13:08,-21.2078,-159.775,77.05,61,79,5.75
112,Leh,IN,2021-07-28 00:13:08,34.1667,77.5833,63.82,54,100,2.91
113,Nanortalik,GL,2021-07-28 00:13:09,60.1432,-45.2371,45.77,78,62,3.67
114,Hunchun,CN,2021-07-28 00:13:09,42.8675,130.3581,84.51,58,16,1.63
115,Vestmannaeyjar,IS,2021-07-28 00:00:36,63.4427,-20.2734,52.93,86,43,9.37
116,Rantepao,ID,2021-07-28 00:13:09,-2.9701,119.8978,70.43,77,70,0.36
117,Klyuchi,RU,2021-07-28 00:13:10,52.2667,79.1667,58.62,60,54,5.84
118,Tarnow,PL,2021-07-28 00:13:10,50.0138,20.987,69.71,85,68,4.97
119,Necochea,AR,2021-07-28 00:13:10,-38.5473,-58.7368,46.04,65,66,22.17
120,Osa,RU,2021-07-28 00:13:11,57.2829,55.4567,43.56,89,41,3.24
121,Colares,PT,2021-07-28 00:12:05,38.7992,-9.4469,67.28,75,0,17.0
122,Thompson,CA,2021-07-28 00:13:11,55.7435,-97.8558,74.07,45,99,6.6
123,Yumen,CN,2021-07-28 00:13:11,40.2833,97.2,77.59,20,23,4.92
124,Chaoyang,CN,2021-07-28 00:13:12,41.5703,120.4586,76.59,82,100,3.02
125,Salalah,OM,2021-07-28 00:13:12,17.0151,54.0924,76.89,93,98,9.35
126,Atuona,PF,2021-07-28 00:13:12,-9.8,-139.0333,78.22,65,13,16.93
127,New Baltimore,US,2021-07-28 00:13:12,42.6811,-82.7369,85.14,55,40,5.75
128,Qasigiannguit,GL,2021-07-28 00:13:13,68.8193,-51.1922,55.65,75,100,9.24
129,Richards Bay,ZA,2021-07-28 00:13:13,-28.783,32.0377,62.31,69,4,15.21
130,Bitung,ID,2021-07-28 00:13:13,1.4451,125.1824,85.05,78,21,15.95
131,Mayo,US,2021-07-28 00:13:13,38.8876,-76.5119,89.11,70,1,1.01
132,Castro,BR,2021-07-28 00:13:14,-24.7911,-50.0119,47.59,95,100,6.29
133,Olafsvik,IS,2021-07-28 00:13:14,64.8945,-23.7142,51.69,86,100,12.06
134,Mangrol,IN,2021-07-28 00:13:14,21.1167,70.1167,81.66,85,100,22.17
135,Thinadhoo,MV,2021-07-28 00:13:15,0.5333,72.9333,81.88,74,100,7.7
136,Kemijarvi,FI,2021-07-28 00:13:15,66.7131,27.4306,57.79,79,42,4.0
137,East London,ZA,2021-07-28 00:09:01,-33.0153,27.9116,72.91,24,1,14.29
138,Katsuura,JP,2021-07-28 00:09:13,35.1333,140.3,84.31,80,93,17.6
139,Albury,AU,2021-07-28 00:13:06,-36.0833,146.9167,53.65,82,90,6.91
140,Lobito,AO,2021-07-28 00:13:15,-12.3481,13.5456,69.75,84,26,1.59
141,Bontang,ID,2021-07-28 00:13:16,0.1333,117.5,79.54,83,96,7.14
142,Fortuna,US,2021-07-28 00:13:16,40.5982,-124.1573,82.18,84,100,7.0
143,Guisa,CU,2021-07-28 00:13:16,20.255,-76.5386,82.71,90,91,3.98
144,Xichang,CN,2021-07-28 00:13:16,27.8964,102.2634,67.37,95,99,1.01
145,Ust-Tsilma,RU,2021-07-28 00:13:17,65.441,52.1498,43.02,92,56,7.67
146,Longyearbyen,SJ,2021-07-28 00:13:17,78.2186,15.6401,42.64,93,75,11.5
147,Uyemskiy,RU,2021-07-28 00:13:17,64.4743,40.8524,42.85,100,13,2.24
148,Kununurra,AU,2021-07-28 00:09:43,-15.7667,128.7333,75.18,73,7,0.0
149,Carnarvon,AU,2021-07-28 00:13:18,-24.8667,113.6333,66.49,55,100,7.54
150,Gilgit,PK,2021-07-28 00:13:18,35.9221,74.3087,86.59,54,30,3.2
151,Vardo,NO,2021-07-28 00:13:18,70.3705,31.1107,48.4,88,82,12.93
152,Lavrentiya,RU,2021-07-28 00:12:16,65.5833,-171.0,44.24,99,100,9.62
153,Qaanaaq,GL,2021-07-28 00:13:19,77.484,-69.3632,42.01,99,100,7.02
154,Ambovombe,MG,2021-07-28 00:13:19,-25.1667,46.0833,64.31,77,51,18.03
155,Mitha Tiwana,PK,2021-07-28 00:13:19,32.2486,72.1108,91.42,59,57,8.19
156,Conceicao Do Araguaia,BR,2021-07-28 00:13:20,-8.2578,-49.2647,76.6,34,0,3.36
157,Gat,IL,2021-07-28 00:13:20,31.61,34.7642,79.48,77,0,0.69
158,Norman Wells,CA,2021-07-28 00:13:20,65.282,-126.8329,68.16,48,96,8.86
159,Provideniya,RU,2021-07-28 00:13:20,64.3833,-173.3,50.11,87,90,15.66
160,Cockburn Town,TC,2021-07-28 00:13:21,21.4612,-71.1419,81.97,75,47,17.4
161,Berdigestyakh,RU,2021-07-28 00:13:21,62.0989,126.6992,66.07,51,6,5.23
162,Kenai,US,2021-07-28 00:09:24,60.5544,-151.2583,70.03,70,1,19.57
163,Massaguet,TD,2021-07-28 00:13:21,12.4755,15.4365,74.35,88,97,9.01
164,Lethem,GY,2021-07-28 00:13:22,3.3803,-59.7968,76.87,85,41,5.03
165,Kasongo-Lunda,CD,2021-07-28 00:13:22,-6.4667,16.8167,65.21,27,11,2.53
166,Cabo San Lucas,MX,2021-07-28 00:13:22,22.8909,-109.9124,96.62,58,1,13.8
167,Alta Floresta,BR,2021-07-28 00:13:23,-9.8756,-56.0861,78.1,36,38,2.53
168,Ostrovnoy,RU,2021-07-28 00:13:23,68.0531,39.5131,49.37,84,67,4.68
169,Umred,IN,2021-07-28 00:13:23,20.85,79.3333,76.78,82,100,11.5
170,Cidreira,BR,2021-07-28 00:13:23,-30.1811,-50.2056,48.94,51,35,18.81
171,Morehead,US,2021-07-28 00:13:24,37.2711,-87.1764,89.15,67,1,0.0
172,Caravelas,BR,2021-07-28 00:13:24,-17.7125,-39.2481,72.79,84,2,9.71
173,Socorro,US,2021-07-28 00:11:34,31.6546,-106.3033,98.02,21,40,4.61
174,Tomatlan,MX,2021-07-28 00:13:24,19.9333,-105.25,85.68,70,58,6.46
175,Yeniseysk,RU,2021-07-28 00:13:25,58.4497,92.1703,55.99,85,97,5.95
176,Lamar,US,2021-07-28 00:13:25,33.6668,-95.5836,82.56,94,90,5.75
177,Balti,MD,2021-07-28 00:13:25,47.7617,27.9289,73.42,75,13,6.02
178,Ngunguru,NZ,2021-07-28 00:13:25,-35.6167,174.5,65.16,67,82,11.3
179,Boda,CF,2021-07-28 00:13:26,4.3189,17.4695,69.13,96,100,4.72
180,Salta,AR,2021-07-28 00:13:26,-24.7859,-65.4117,45.57,67,95,1.99
181,Port Elizabeth,ZA,2021-07-28 00:09:58,-33.918,25.5701,55.09,81,31,15.84
182,Katakwi,UG,2021-07-28 00:13:26,1.8911,33.9661,68.61,71,100,2.68
183,Lorengau,PG,2021-07-28 00:13:27,-2.0226,147.2712,84.42,74,10,6.64
184,Cleethorpes,GB,2021-07-28 00:13:27,53.5605,-0.0323,63.97,81,85,4.72
185,Riyadh,SA,2021-07-28 00:11:29,24.6877,46.7219,102.34,12,52,14.67
186,Port Lincoln,AU,2021-07-28 00:12:31,-34.7333,135.8667,54.25,63,7,26.33
187,Riverton,US,2021-07-28 00:13:27,40.5219,-111.9391,91.29,40,1,8.01
188,Camacha,PT,2021-07-28 00:13:28,33.0833,-16.3333,70.54,64,75,14.97
189,Saint-Philippe,RE,2021-07-28 00:13:28,-21.3585,55.7679,65.79,89,56,11.74
190,Bubaque,GW,2021-07-28 00:13:28,11.2833,-15.8333,80.17,81,98,9.42
191,Manokwari,ID,2021-07-28 00:13:28,-0.8667,134.0833,81.79,72,79,2.57
192,Jalu,LY,2021-07-28 00:13:29,29.0331,21.5482,82.27,34,0,7.38
193,Det Udom,TH,2021-07-28 00:13:29,14.906,105.0784,77.34,89,99,7.58
194,Kijang,KR,2021-07-28 00:13:29,35.2442,129.2139,81.64,74,6,10.09
195,Tigil,RU,2021-07-28 00:13:29,57.8,158.6667,58.1,85,100,4.12
196,Sao Joao Da Barra,BR,2021-07-28 00:13:30,-21.6403,-41.0511,71.87,87,2,20.22
197,Nadym,RU,2021-07-28 00:13:30,65.5333,72.5167,51.49,69,99,14.74
198,Vaals,NL,2021-07-28 00:13:30,50.7708,6.0181,61.79,87,99,3.0
199,Te Anau,NZ,2021-07-28 00:13:31,-45.4167,167.7167,49.84,78,28,3.56
200,Celestun,MX,2021-07-28 00:13:31,20.8667,-90.4,84.45,72,69,9.44
201,Bambous Virieux,MU,2021-07-28 00:13:31,-20.3428,57.7575,68.22,89,99,16.13
202,Kahului,US,2021-07-28 00:09:38,20.8947,-156.47,87.82,69,40,19.57
203,Narsaq,GL,2021-07-28 00:13:32,60.9167,-46.05,46.62,70,66,3.31
204,Bouillante,GP,2021-07-28 00:13:32,16.1304,-61.7692,78.03,78,6,11.36
205,Pacific Grove,US,2021-07-28 00:13:32,36.6177,-121.9166,90.81,81,20,3.0
206,Atar,MR,2021-07-28 00:13:32,20.5169,-13.0499,92.05,22,81,6.15
207,Ulladulla,AU,2021-07-28 00:03:57,-35.35,150.4667,68.77,39,49,8.01
208,Werda,BW,2021-07-28 00:13:33,-25.2667,23.2833,46.22,47,0,8.68
209,Biak,ID,2021-07-28 00:13:33,-0.9131,122.8766,78.76,77,88,7.67
210,Moree,AU,2021-07-28 00:13:33,-29.4667,149.85,62.62,63,1,19.57
211,Huilong,CN,2021-07-28 00:13:34,31.8111,121.655,81.03,95,100,26.26
212,Meulaboh,ID,2021-07-28 00:13:34,4.1363,96.1285,76.26,90,37,3.29
213,Abu Dhabi,AE,2021-07-28 00:10:49,24.4667,54.3667,91.51,62,0,1.14
214,Viedma,AR,2021-07-28 00:13:35,-40.8135,-62.9967,44.91,68,95,20.2
215,Conakry,GN,2021-07-28 00:13:36,9.538,-13.6773,77.86,88,100,13.87
216,Kaitangata,NZ,2021-07-28 00:13:01,-46.2817,169.8464,52.93,53,86,3.13
217,Baykit,RU,2021-07-28 00:13:36,61.67,96.37,68.47,82,100,3.0
218,Sabang,ID,2021-07-28 00:13:22,5.8933,95.3214,82.85,76,51,19.8
219,Aktash,RU,2021-07-28 00:13:36,50.3,87.7333,44.98,96,75,2.95
220,Nizhniy Kuranakh,RU,2021-07-28 00:13:37,58.8353,125.4869,70.11,79,13,3.85
221,Pangnirtung,CA,2021-07-28 00:13:37,66.1451,-65.7125,48.9,78,100,1.9
222,Isangel,VU,2021-07-28 00:13:37,-19.55,169.2667,74.61,57,21,15.26
223,Marrakesh,MA,2021-07-28 00:11:01,31.6315,-8.0083,80.67,54,0,3.44
224,Port Hardy,CA,2021-07-28 00:09:37,50.6996,-127.4199,62.74,69,46,11.14
225,Klaksvik,FO,2021-07-28 00:12:32,62.2266,-6.589,52.72,97,95,9.66
226,Bushehr,IR,2021-07-28 00:13:38,28.9684,50.8385,95.32,59,6,4.38
227,Punakha,BT,2021-07-28 00:13:38,27.5837,89.8598,73.71,96,99,0.51
228,Teyateyaneng,LS,2021-07-28 00:13:38,-29.1472,27.7489,36.73,41,0,3.42
229,Ippy,CF,2021-07-28 00:13:39,6.2679,21.2247,68.4,99,100,4.25
230,Mogadishu,SO,2021-07-28 00:12:32,2.0371,45.3438,76.51,81,91,20.67
231,Paracuru,BR,2021-07-28 00:13:39,-3.41,-39.0306,80.11,83,15,12.24
232,Stornoway,GB,2021-07-28 00:13:39,58.2093,-6.3865,59.94,94,90,9.22
233,Dingle,PH,2021-07-28 00:13:40,10.9995,122.6711,83.28,78,95,13.91
234,Segou,ML,2021-07-28 00:13:40,13.4317,-6.2157,81.12,74,69,7.96
235,Nanakuli,US,2021-07-28 00:04:18,21.3906,-158.1547,89.55,48,40,11.5
236,Progreso,MX,2021-07-28 00:13:40,21.2833,-89.6667,82.51,76,65,10.31
237,Maldonado,UY,2021-07-28 00:12:27,-34.6667,-54.9167,47.23,82,56,20.62
238,Ryotsu,JP,2021-07-28 00:02:23,38.0833,138.4333,80.44,73,10,1.41
239,Ahuimanu,US,2021-07-28 00:13:41,21.4447,-157.8378,89.31,62,75,17.27
240,Saldanha,ZA,2021-07-28 00:13:41,-33.0117,17.9442,55.31,75,100,8.1
241,Chongwe,ZM,2021-07-28 00:13:41,-15.3292,28.682,49.55,58,31,4.05
242,Tamandare,BR,2021-07-28 00:03:49,-8.7597,-35.1047,74.25,87,17,6.49
243,Sibolga,ID,2021-07-28 00:13:42,1.7427,98.7792,76.17,90,35,2.84
244,Lasa,IT,2021-07-28 00:09:33,46.6166,10.7002,61.54,95,96,3.38
245,Talnakh,RU,2021-07-28 00:13:42,69.4865,88.3972,65.05,88,92,6.26
246,Eyl,SO,2021-07-28 00:13:42,7.9803,49.8164,78.98,53,98,24.25
247,Saint George,US,2021-07-28 00:13:43,37.1041,-113.5841,97.63,24,1,5.99
248,Ladario,BR,2021-07-28 00:13:43,-19.0047,-57.6017,57.76,51,84,6.51
249,Kaduna,NG,2021-07-28 00:13:43,10.5222,7.4383,67.03,98,100,3.62
250,Korla,CN,2021-07-28 00:13:44,41.7597,86.1469,85.35,18,5,11.32
251,Maxixe,MZ,2021-07-28 00:13:44,-23.8597,35.3472,62.94,66,0,5.5
252,Tiznit,MA,2021-07-28 00:13:44,29.5833,-9.5,70.16,72,0,1.92
253,Brae,GB,2021-07-28 00:13:44,60.3964,-1.353,55.31,94,65,4.76
254,Umm Lajj,SA,2021-07-28 00:13:45,25.0213,37.2685,86.94,66,85,8.57
255,Akdepe,TM,2021-07-28 00:13:45,42.0551,59.3788,73.4,26,0,8.63
256,Barranca,PE,2021-07-28 00:13:45,-10.75,-77.7667,64.0,82,37,8.7
257,Carmen,MX,2021-07-28 00:09:35,18.6333,-91.8333,86.04,70,40,11.5
258,Marawi,PH,2021-07-28 00:13:46,7.9986,124.2928,75.65,67,87,7.74
259,Akom,CM,2021-07-28 00:13:46,2.6678,12.7109,67.05,98,93,3.56
260,Molina,CL,2021-07-28 00:13:46,-35.1167,-71.2833,42.37,100,0,0.0
261,Monrovia,LR,2021-07-28 00:13:46,6.3005,-10.7969,76.89,80,100,10.85
262,Malatya,TR,2021-07-28 00:13:47,38.5,38.0,71.65,43,0,18.41
263,Buin,CL,2021-07-28 00:13:47,-33.7333,-70.75,54.73,46,0,5.23
264,Tuxpan,MX,2021-07-28 00:13:47,19.55,-103.4,74.97,89,71,4.0
265,Faya,SA,2021-07-28 00:13:48,18.3851,42.4509,63.12,80,23,5.17
266,Colac,AU,2021-07-28 00:13:48,-38.3333,143.5833,54.18,83,77,18.34
267,Airai,TL,2021-07-28 00:13:48,-8.9266,125.4092,67.06,49,54,4.0
268,Vostok,RU,2021-07-28 00:13:48,46.4856,135.8833,85.48,56,85,1.77
269,Tabou,CI,2021-07-28 00:13:49,4.423,-7.3528,76.95,75,100,8.5
270,Ust-Kuyga,RU,2021-07-28 00:13:49,70.0167,135.6,51.04,57,23,15.48
271,Waipawa,NZ,2021-07-28 00:13:49,-41.4122,175.5153,53.46,67,0,1.32
272,Tra Vinh,VN,2021-07-28 00:13:49,9.9347,106.3453,80.08,81,30,9.4
273,Rabo De Peixe,PT,2021-07-28 00:13:50,37.8,-25.5833,67.51,77,20,13.8
274,Dongning,CN,2021-07-28 00:13:50,44.0622,131.1207,89.47,52,19,1.03
275,Asosa,ET,2021-07-28 00:13:50,10.0667,34.5333,58.64,92,100,2.24
276,Tutoia,BR,2021-07-28 00:13:50,-2.7619,-42.2744,79.36,79,42,11.72
277,Santa Ana,US,2021-07-28 00:13:51,33.7456,-117.8678,102.07,56,20,1.99
278,Chase,CA,2021-07-28 00:13:51,50.8165,-119.6857,92.37,20,0,1.97
279,Sorland,NO,2021-07-28 00:13:51,67.667,12.6934,54.79,88,6,11.3
280,Aquiraz,BR,2021-07-28 00:13:52,-3.9014,-38.3911,80.19,87,11,8.1
281,Miraflores,MX,2021-07-28 00:13:52,19.2167,-98.8083,74.16,69,98,3.38
282,Okhotsk,RU,2021-07-28 00:13:52,59.3833,143.3,65.73,74,32,9.51
283,Hay River,CA,2021-07-28 00:13:52,60.8156,-115.7999,61.14,51,97,4.97
284,Ossora,RU,2021-07-28 00:13:53,59.2353,163.0719,62.74,64,99,8.21
285,Natalinsk,RU,2021-07-28 00:13:53,56.4739,57.8698,48.54,77,67,4.92
286,Mecca,SA,2021-07-28 00:11:42,21.4267,39.8261,86.09,54,84,7.29
287,Berlevag,NO,2021-07-28 00:13:53,70.8578,29.0864,46.42,88,80,6.82
288,Yar-Sale,RU,2021-07-28 00:13:55,66.8333,70.8333,48.47,65,99,9.48
289,Dzaoudzi,YT,2021-07-28 00:13:55,-12.7887,45.2699,73.29,83,0,11.5
290,Yulara,AU,2021-07-28 00:13:55,-25.2406,130.9889,64.24,48,90,4.61
291,Mount Isa,AU,2021-07-28 00:13:55,-20.7333,139.5,71.37,56,63,1.14
292,Anloga,GH,2021-07-28 00:13:56,5.7947,0.8973,76.23,83,99,15.48
293,Pevek,RU,2021-07-28 00:12:15,69.7008,170.3133,35.47,92,100,9.51
294,Lagoa,PT,2021-07-28 00:13:56,39.05,-27.9833,71.2,86,100,9.53
295,Ahipara,NZ,2021-07-28 00:13:56,-35.1667,173.1667,59.45,82,47,8.46
296,College,US,2021-07-28 00:13:57,64.8569,-147.8028,66.52,68,90,9.22
297,Saint-Augustin,CA,2021-07-28 00:13:57,51.226,-58.6502,60.28,98,99,7.61
298,Half Moon Bay,US,2021-07-28 00:11:04,37.4636,-122.4286,96.62,71,20,9.22
299,Sorong,ID,2021-07-28 00:13:57,-0.8833,131.25,82.08,79,88,7.52
300,Tawang,IN,2021-07-28 00:13:58,27.5833,91.8667,57.87,93,100,1.41
301,Paita,PE,2021-07-28 00:13:58,-5.0892,-81.1144,67.19,87,8,15.19
302,Qandala,SO,2021-07-28 00:13:58,11.472,49.8728,86.04,50,14,15.7
303,Russell,US,2021-07-28 00:13:59,32.3502,-85.1999,74.91,88,1,0.0
304,Tobermory,CA,2021-07-28 00:13:59,45.2501,-81.6665,71.31,74,2,3.24
305,Chuy,UY,2021-07-28 00:13:59,-33.6971,-53.4616,42.58,70,11,15.95
306,The Valley,AI,2021-07-28 00:14:00,18.217,-63.0578,82.26,75,4,17.22
307,Kungurtug,RU,2021-07-28 00:14:00,50.5994,97.5228,58.08,89,77,1.21
308,Ulaangom,MN,2021-07-28 00:14:00,49.9811,92.0667,63.39,77,46,5.26
309,Cherskiy,RU,2021-07-28 00:11:56,68.75,161.3,38.8,76,100,18.48
310,Puerto Escondido,MX,2021-07-28 00:04:00,15.85,-97.0667,77.83,69,75,6.91
311,Nome,US,2021-07-28 00:14:00,64.5011,-165.4064,50.16,93,90,14.97
312,Topolobampo,MX,2021-07-28 00:14:01,25.6,-109.05,98.11,46,1,12.66
313,Teya,RU,2021-07-28 00:14:01,60.3778,92.6267,56.26,93,98,4.81
314,Denpasar,ID,2021-07-28 00:14:01,-8.65,115.2167,74.86,88,20,1.14
315,Gbadolite,CD,2021-07-28 00:14:02,4.2833,21.0167,71.73,87,99,2.24
316,Boston,US,2021-07-28 00:10:26,42.3584,-71.0598,78.22,89,90,34.52
317,Odweyne,SO,2021-07-28 00:14:02,9.4092,45.064,68.95,64,100,18.54
318,Kudahuvadhoo,MV,2021-07-28 00:14:02,2.6708,72.8944,81.19,74,99,8.7
319,Khakhea,BW,2021-07-28 00:14:03,-24.6895,23.494,46.9,46,0,9.06
320,Juneau,US,2021-07-28 00:13:26,58.3019,-134.4197,62.83,73,75,1.99
321,Pangody,RU,2021-07-28 00:14:03,65.85,74.4859,48.94,65,12,9.13
322,Onega,RU,2021-07-28 00:14:03,63.9061,38.1404,48.72,76,29,5.39
323,Soe,ID,2021-07-28 00:14:03,-9.8607,124.284,71.87,62,21,6.78
324,Fukue,JP,2021-07-28 00:14:04,32.6881,128.8419,80.53,75,0,4.9
325,Tarko-Sale,RU,2021-07-28 00:14:04,64.9225,77.785,50.22,79,8,7.87
326,San Angelo,US,2021-07-28 00:14:04,31.4638,-100.437,99.54,33,1,8.01
327,Usinsk,RU,2021-07-28 00:14:05,65.9939,57.5281,43.41,91,100,20.8
328,Dhaka,BD,2021-07-28 00:11:35,23.7104,90.4074,80.58,83,75,17.27
329,Roseville,US,2021-07-28 00:11:42,38.7521,-121.288,102.6,24,1,14.97
330,Bataipora,BR,2021-07-28 00:14:05,-22.2953,-53.2711,53.53,72,90,10.76
331,Churapcha,RU,2021-07-28 00:14:05,62.0025,132.4325,70.5,37,8,10.94
332,Kavieng,PG,2021-07-28 00:14:06,-2.5744,150.7967,85.59,68,15,10.13
333,Bereda,ES,2021-07-28 00:13:40,43.2686,-7.5406,61.92,95,25,2.73
334,Nioro,GM,2021-07-28 00:14:06,13.35,-15.75,79.32,76,100,8.43
335,Mackay,AU,2021-07-28 00:14:06,-21.15,149.2,74.05,62,60,0.81
336,Cap Malheureux,MU,2021-07-28 00:14:07,-19.9842,57.6142,68.47,89,76,8.99
337,Muisne,EC,2021-07-28 00:14:07,0.6,-80.0333,74.62,86,83,7.11
338,Jalapa,MX,2021-07-28 00:13:44,19.5333,-96.9167,66.87,94,97,3.04
339,Camocim,BR,2021-07-28 00:14:07,-2.9022,-40.8411,79.34,75,70,11.68
340,Benguela,AO,2021-07-28 00:14:08,-12.5763,13.4055,69.35,84,35,2.59
341,La Asuncion,VE,2021-07-28 00:14:08,11.0333,-63.8628,78.13,87,4,11.16
342,Harstad,NO,2021-07-28 00:14:08,68.799,16.5293,59.59,100,63,2.48
343,Hualmay,PE,2021-07-28 00:14:09,-11.0964,-77.6139,64.24,84,37,11.23
344,Abonnema,NG,2021-07-28 00:14:09,4.7084,6.7931,74.23,85,99,4.97
345,Lindas,NO,2021-07-28 00:14:10,60.7381,5.16,64.78,92,100,4.41
346,Shelburne,CA,2021-07-28 00:14:10,44.0787,-80.2041,71.74,67,55,5.17
347,Bathsheba,BB,2021-07-28 00:12:44,13.2167,-59.5167,81.21,78,40,16.11
348,Hearst,CA,2021-07-28 00:14:10,49.6835,-83.6665,69.13,54,16,3.0
349,Igarka,RU,2021-07-28 00:04:31,67.4667,86.5833,52.41,89,100,7.9
350,Vredendal,ZA,2021-07-28 00:14:10,-31.6683,18.5012,55.69,86,79,2.1
351,Belyy Yar,RU,2021-07-28 00:14:11,53.6039,91.3903,58.89,82,75,8.95
352,Luderitz,NA,2021-07-28 00:09:31,-26.6481,15.1594,55.35,74,0,9.22
353,Qaqortoq,GL,2021-07-28 00:04:19,60.7167,-46.0333,46.9,74,61,0.65
354,Tukrah,LY,2021-07-28 00:14:11,32.5341,20.5791,76.08,77,0,10.13
355,Shumskiy,RU,2021-07-28 00:14:12,54.8318,99.1328,64.8,95,100,4.16
356,Cayenne,GF,2021-07-28 00:14:12,4.9333,-52.3333,82.09,84,0,5.01
357,Boguchany,RU,2021-07-28 00:04:15,58.3814,97.4531,66.04,82,99,7.09
358,Seminole,US,2021-07-28 00:10:10,28.7086,-81.2081,82.42,90,1,6.91
359,Ormara,PK,2021-07-28 00:14:12,25.2088,64.6357,82.06,86,100,12.03
360,San Andres,CO,2021-07-28 00:14:13,12.5847,-81.7006,82.31,79,95,12.46
361,Mwinilunga,ZM,2021-07-28 00:14:13,-11.7358,24.4293,52.54,48,100,3.69
362,Tezu,IN,2021-07-28 00:14:13,27.9167,96.1667,78.85,80,99,2.46
363,Torrijos,ES,2021-07-28 00:14:14,39.9819,-4.2835,80.65,34,0,2.37
364,Veraval,IN,2021-07-28 00:14:14,20.9,70.3667,81.66,86,100,22.03
365,Bakhmach,UA,2021-07-28 00:14:14,51.1808,32.7569,65.28,75,77,7.96
366,Jacareacanga,BR,2021-07-28 00:13:39,-6.2222,-57.7528,82.69,37,13,0.45
367,Comodoro Rivadavia,AR,2021-07-28 00:10:45,-45.8667,-67.5,42.94,74,13,3.38
368,Itarema,BR,2021-07-28 00:14:15,-2.9248,-39.9167,78.06,81,26,14.9
369,Amahai,ID,2021-07-28 00:14:15,-3.3333,128.9167,80.55,80,92,2.06
370,Otradnoye,RU,2021-07-28 00:14:15,59.7775,30.8181,65.17,65,90,4.43
371,Bandrele,YT,2021-07-28 00:14:16,-12.9067,45.1914,73.15,83,0,11.5
372,Wagrowiec,PL,2021-07-28 00:14:16,52.8084,17.1996,66.02,72,93,4.79
373,Antalaha,MG,2021-07-28 00:14:16,-14.9003,50.2788,64.87,90,5,7.27
374,Amuntai,ID,2021-07-28 00:14:17,-2.4177,115.2494,78.46,85,65,1.05
375,New Richmond,US,2021-07-28 00:13:04,45.123,-92.5366,93.54,58,1,4.61
376,Port-Cartier,CA,2021-07-28 00:14:17,50.0334,-66.8654,63.93,69,96,12.26
377,Agadir,MA,2021-07-28 00:10:32,30.4202,-9.5982,68.45,84,17,7.63
378,Nouakchott,MR,2021-07-28 00:14:17,18.0858,-15.9785,76.93,84,60,15.03
379,Chicama,PE,2021-07-28 00:14:18,-7.8447,-79.1469,63.14,83,21,8.7
380,Wajima,JP,2021-07-28 00:14:18,37.4,136.9,80.13,78,12,5.57
381,Champerico,GT,2021-07-28 00:14:18,14.3,-91.9167,85.35,75,40,4.94
382,Butiama,TZ,2021-07-28 00:14:18,-1.7667,33.9667,65.19,62,63,0.96
383,Popondetta,PG,2021-07-28 00:14:19,-8.7537,148.2534,73.58,99,100,1.07
384,Haines Junction,CA,2021-07-28 00:12:34,60.7522,-137.5108,62.82,54,81,8.19
385,Kirakira,SB,2021-07-28 00:14:19,-10.4544,161.9205,84.06,71,63,10.63
386,America Dourada,BR,2021-07-28 00:14:19,-11.4553,-41.4361,68.07,74,5,9.35
387,Kampot,KH,2021-07-28 00:14:20,10.6167,104.1833,80.46,81,100,10.22
388,Jacksonville Beach,US,2021-07-28 00:14:20,30.2947,-81.3931,82.42,85,75,1.01
389,Fort Nelson,CA,2021-07-28 00:14:20,58.8053,-122.7002,71.08,44,50,5.3
390,Mujiayingzi,CN,2021-07-28 00:14:21,42.1167,118.7833,71.94,79,100,2.06
391,Ocna Mures,RO,2021-07-28 00:14:21,46.3833,23.85,68.65,56,44,2.57
392,Rorvik,NO,2021-07-28 00:14:21,64.8621,11.2373,63.23,67,65,9.89
393,Zhuhai,CN,2021-07-28 00:14:21,22.2769,113.5678,90.72,79,20,4.61
394,Nuuk,GL,2021-07-28 00:14:22,64.1835,-51.7216,56.01,44,40,18.41
395,Kokkola,FI,2021-07-28 00:14:22,63.8385,23.1307,67.93,90,0,4.61
396,Santa Gertrudes,BR,2021-07-28 00:14:22,-22.4567,-47.5303,78.1,37,55,2.24
397,Sainte-Rose,GP,2021-07-28 00:14:22,16.3324,-61.6979,78.84,83,0,3.44
398,Grindavik,IS,2021-07-28 00:14:23,63.8424,-22.4338,49.89,93,0,14.97
399,Clyde River,CA,2021-07-28 00:14:23,70.4692,-68.5914,45.23,76,97,3.38
400,Finschhafen,PG,2021-07-28 00:14:23,-6.6024,147.8681,83.32,71,23,7.67
401,Doiwala,IN,2021-07-28 00:14:24,30.1833,78.1167,76.12,96,100,1.52
402,Kamenka,RU,2021-07-28 00:14:24,51.3223,42.7678,61.43,83,6,4.41
403,Saku,JP,2021-07-28 00:14:24,36.2167,138.4833,80.89,85,83,3.71
404,Tuatapere,NZ,2021-07-28 00:13:15,-46.1333,167.6833,51.82,71,11,2.8
405,Larsnes,NO,2021-07-28 00:14:24,62.2028,5.5773,65.61,89,100,4.23
406,Denham Springs,US,2021-07-28 00:10:06,30.4869,-90.9562,92.89,75,72,1.01
407,Juodupe,LT,2021-07-28 00:14:26,56.0833,25.6167,63.84,97,100,4.72
408,Wladyslawowo,PL,2021-07-28 00:14:26,54.7909,18.4009,65.93,84,58,8.93
409,Nueva Concepcion,GT,2021-07-28 00:14:27,14.2,-91.3,84.76,85,76,3.98
410,Antrim,GB,2021-07-28 00:14:27,54.6667,-6.25,56.14,94,100,1.14
411,Carutapera,BR,2021-07-28 00:14:27,-1.195,-46.02,77.38,83,24,7.85
412,Soria,ES,2021-07-28 00:14:27,41.6667,-2.6667,64.0,73,80,5.23
413,Pedernales,DO,2021-07-28 00:14:28,18.0384,-71.744,82.11,77,59,2.44
414,Pisco,PE,2021-07-28 00:14:28,-13.7,-76.2167,63.01,82,0,19.57
415,Santa Cruz,BO,2021-07-28 00:14:28,-17.8,-63.1667,62.06,36,90,16.11
416,Grand-Lahou,CI,2021-07-28 00:14:28,5.1367,-5.0242,75.85,83,64,9.35
417,Harindanga,IN,2021-07-28 00:14:29,22.0383,88.3214,84.18,89,100,11.56
418,Willmar,US,2021-07-28 00:14:29,45.1219,-95.0433,92.28,62,40,0.0
419,Tiksi,RU,2021-07-28 00:14:29,71.6872,128.8694,40.55,83,43,12.57
420,Hirado,JP,2021-07-28 00:14:30,33.3597,129.5531,83.39,79,3,4.85
421,Iranshahr,IR,2021-07-28 00:14:30,27.2025,60.6848,93.72,27,92,9.69
422,Moerai,PF,2021-07-28 00:14:30,-22.4333,-151.3333,73.98,71,89,10.58
423,Villa Maria,AR,2021-07-28 00:14:30,-32.4075,-63.2402,46.81,33,43,11.36
424,Pareora,NZ,2021-07-28 00:14:31,-44.4871,171.2132,51.19,76,5,8.97
425,Malchin,DE,2021-07-28 00:14:31,53.7333,12.7833,66.58,86,72,5.66
426,Vila Velha,BR,2021-07-28 00:12:20,-20.3297,-40.2925,71.55,88,0,8.05
427,Le Port,RE,2021-07-28 00:14:31,-20.9373,55.2919,66.2,76,57,6.49
428,Ati,TD,2021-07-28 00:14:32,13.2154,18.3353,75.88,80,78,13.71
429,Ixtapa,MX,2021-07-28 00:12:34,20.7,-105.2,88.23,70,40,10.36
430,Hare Bay,CA,2021-07-28 00:14:32,48.8499,-54.0148,70.2,94,100,7.58
431,Soyo,AO,2021-07-28 00:14:32,-6.1349,12.3689,71.65,91,66,7.43
432,Port Macquarie,AU,2021-07-28 00:14:33,-31.4333,152.9167,67.89,43,5,9.26
433,Iqaluit,CA,2021-07-28 00:12:31,63.7506,-68.5145,52.7,50,79,11.01
434,Whitianga,NZ,2021-07-28 00:14:33,-36.8333,175.7,62.02,68,5,10.6
435,Nalut,LY,2021-07-28 00:14:33,30.3333,10.85,82.24,23,0,14.97
436,Boende,CD,2021-07-28 00:14:34,-0.2167,20.8667,71.53,43,30,1.34
437,La Crosse,US,2021-07-28 00:14:34,43.8014,-91.2396,87.73,78,1,4.61
438,Saskylakh,RU,2021-07-28 00:14:34,71.9167,114.0833,60.67,53,16,19.17
439,Alice Springs,AU,2021-07-28 00:12:38,-23.7,133.8833,72.95,27,0,10.36
440,Moron,AR,2021-07-28 00:14:34,-34.6534,-58.6198,48.96,57,39,4.0
441,Gigmoto,PH,2021-07-28 00:14:35,13.7796,124.39,83.59,79,100,15.61
442,Port Blair,IN,2021-07-28 00:14:35,11.6667,92.75,81.68,84,98,18.54
443,Washington,US,2021-07-28 00:14:35,47.5001,-120.5015,92.93,19,72,6.53
444,Kloulklubed,PW,2021-07-28 00:14:36,7.0419,134.2556,84.7,76,87,9.75
445,Beloha,MG,2021-07-28 00:14:36,-25.1667,45.05,62.33,74,1,13.06
446,Tautira,PF,2021-07-28 00:14:36,-17.7333,-149.15,82.0,72,89,10.22
447,Sakti,IN,2021-07-28 00:14:37,22.0333,82.9667,75.67,90,100,7.94
448,Kaeo,NZ,2021-07-28 00:14:37,-35.1,173.7833,65.32,73,50,7.58
449,Kibala,TD,2021-07-28 00:14:37,9.1104,18.3463,69.1,97,100,2.39
450,Quesnel,CA,2021-07-28 00:14:37,52.9999,-122.5029,78.31,31,67,4.7
451,Tallahassee,US,2021-07-28 00:14:38,30.4383,-84.2807,79.86,90,90,1.01
452,Nabire,ID,2021-07-28 00:14:38,-3.3667,135.4833,82.4,74,100,2.3
453,San Martin,AR,2021-07-28 00:14:38,-33.081,-68.4681,46.51,33,6,13.58
454,Margate,GB,2021-07-28 00:09:44,51.3813,1.3862,62.96,85,29,5.01
455,Gornyye Klyuchi,RU,2021-07-28 00:14:39,45.25,133.5,87.24,50,94,2.89
456,Kulhudhuffushi,MV,2021-07-28 00:14:39,6.6221,73.07,81.82,78,77,14.09
457,Papara,BR,2021-07-28 00:14:39,-3.9839,-38.7273,78.69,96,8,3.6
458,Sagae,JP,2021-07-28 00:14:40,38.3725,140.2725,74.1,100,75,5.75
459,Katobu,ID,2021-07-28 00:14:40,-4.9408,122.5276,79.99,80,54,5.03
460,Boyabat,TR,2021-07-28 00:14:40,41.4689,34.7667,63.36,85,0,5.77
461,Tupancireta,BR,2021-07-28 00:14:40,-29.0806,-53.8358,37.29,65,2,6.58
462,Gobabis,NA,2021-07-28 00:14:41,-22.45,18.9667,45.01,43,0,12.77
463,Tromso,NO,2021-07-28 00:14:41,69.6496,18.957,50.65,100,90,16.11
464,Fairbanks,US,2021-07-28 00:10:43,64.8378,-147.7164,66.54,67,90,11.5
465,Agucadoura,PT,2021-07-28 00:14:41,41.4318,-8.7804,65.25,88,0,7.07
466,Burma,MM,2021-07-28 00:14:42,22.0,98.0,68.43,96,99,1.48
467,Keetmanshoop,NA,2021-07-28 00:14:42,-26.5833,18.1333,54.93,36,0,1.7
468,Santa Maria,BR,2021-07-28 00:14:42,-29.6842,-53.8069,42.17,59,4,8.05
469,Ambilobe,MG,2021-07-28 00:14:42,-13.2,49.05,65.19,86,21,3.36
470,Karratha,AU,2021-07-28 00:14:43,-20.7377,116.8463,70.21,62,6,5.75
471,Bonavista,CA,2021-07-28 00:14:43,48.6499,-53.1147,66.11,98,100,13.2
472,Vrangel,RU,2021-07-28 00:14:43,42.7297,133.0839,77.47,83,22,6.06
473,Le Vauclin,MQ,2021-07-28 00:14:44,14.5452,-60.8388,80.65,78,0,9.22
474,Saint-Chamond,FR,2021-07-28 00:14:44,45.4737,4.5254,65.82,94,90,2.3
475,Iowa City,US,2021-07-28 00:10:56,41.6611,-91.5302,88.7,55,1,3.44
476,Gamba,GA,2021-07-28 00:14:44,-2.65,10.0,71.89,90,90,5.48
477,Salinopolis,BR,2021-07-28 00:14:45,-0.6136,-47.3561,79.21,80,16,10.74
478,Logan Lake,CA,2021-07-28 00:14:45,50.4998,-120.8025,81.39,20,2,5.53
479,Jardim,BR,2021-07-28 00:14:45,-21.4803,-56.1381,54.79,57,96,7.67
480,Slave Lake,CA,2021-07-28 00:14:45,55.2834,-114.769,71.67,32,7,10.2
481,Galle,LK,2021-07-28 00:11:05,6.0367,80.217,79.34,87,100,12.19
482,Key West,US,2021-07-28 00:13:14,24.5557,-81.7826,87.01,70,1,5.75
483,Solnechnyy,RU,2021-07-28 00:14:00,50.7214,136.6319,78.98,77,66,2.48
484,Akkermanovka,RU,2021-07-28 00:14:46,51.2467,58.2391,59.36,50,1,4.7
485,La Rioja,ES,2021-07-28 00:14:46,42.25,-2.5,60.04,82,83,3.62
486,Byron Bay,AU,2021-07-28 00:09:55,-28.65,153.6167,71.55,59,3,15.1
487,Ous,RU,2021-07-28 00:14:47,60.9058,61.5186,43.77,86,84,6.76
488,Galesong,ID,2021-07-28 00:14:47,-5.3166,119.3661,71.62,66,32,6.6
489,Samarai,PG,2021-07-28 00:14:47,-10.6167,150.6667,78.62,87,86,13.15
490,Pali,IN,2021-07-28 00:14:47,25.7667,73.3333,79.57,82,100,16.2
491,Alugan,PH,2021-07-28 00:14:48,12.2188,125.4808,84.72,66,97,11.74
492,Lima,PE,2021-07-28 00:10:11,-12.0432,-77.0282,65.89,84,90,10.36
493,Cabedelo,BR,2021-07-28 00:14:48,-6.9811,-34.8339,74.07,85,5,10.63
494,Goose Creek,US,2021-07-28 00:14:48,32.981,-80.0326,84.88,84,40,1.01
495,San Jose,US,2021-07-28 00:14:36,37.3394,-121.895,97.88,37,20,1.01
496,Mafinga,TZ,2021-07-28 00:14:49,-7.25,35.0667,59.47,47,4,3.06
497,Selikhino,RU,2021-07-28 00:12:12,50.3672,137.4996,81.09,74,57,1.39
498,Mukhen,RU,2021-07-28 00:12:13,48.1,136.1,89.13,52,93,1.5
499,Imbituba,BR,2021-07-28 00:14:49,-28.24,-48.6703,56.82,72,91,19.06
500,Belaya Gora,RU,2021-07-28 00:12:16,68.5333,146.4167,41.27,79,100,11.63
501,Zyryanka,RU,2021-07-28 00:14:49,65.75,150.85,49.46,60,100,15.88
502,Melnikovo,RU,2021-07-28 00:14:50,56.5558,84.085,54.93,77,19,2.26
503,Kathmandu,NP,2021-07-28 00:14:50,27.7167,85.3167,68.7,92,100,0.98
504,Coquimbo,CL,2021-07-28 00:14:50,-29.9533,-71.3436,53.33,87,0,2.3
505,Foix,FR,2021-07-28 00:14:51,42.8333,1.5833,66.74,35,95,1.9
506,Waitati,NZ,2021-07-28 00:14:51,-45.75,170.5667,53.8,52,8,1.88
507,Namibe,AO,2021-07-28 00:14:51,-15.1961,12.1522,65.39,81,47,0.58
508,Limbang,MY,2021-07-28 00:14:52,4.75,115.0,80.2,79,61,2.89
509,Anori,BR,2021-07-28 00:14:52,-3.7728,-61.6442,78.39,61,23,2.93
510,Chitrakonda,IN,2021-07-28 00:14:52,18.1167,82.0833,74.25,88,98,7.05
511,Borogontsy,RU,2021-07-28 00:14:52,62.6683,131.1683,68.76,40,11,6.08
512,Rongcheng,CN,2021-07-28 00:14:53,30.634,117.8517,77.59,96,100,6.22
513,Acapulco,MX,2021-07-28 00:10:16,16.8634,-99.8901,85.82,66,75,4.61
514,Shikarpur,PK,2021-07-28 00:14:53,27.9571,68.6379,87.13,63,100,7.34
515,Vidim,RU,2021-07-28 00:12:11,56.4088,103.1106,71.6,47,0,2.46
516,Maceio,BR,2021-07-28 00:14:53,-9.6658,-35.7353,74.52,85,19,7.02
517,Whyalla,AU,2021-07-28 00:14:54,-33.0333,137.5833,58.89,63,90,12.66
518,Shakhtinsk,KZ,2021-07-28 00:14:54,49.71,72.5872,45.16,58,0,4.99
519,Horsham,GB,2021-07-28 00:14:54,51.064,-0.3272,63.75,92,75,5.75
520,Rocha,UY,2021-07-28 00:14:55,-34.4833,-54.3333,45.12,80,42,18.43
521,Boras,SE,2021-07-28 00:14:55,57.721,12.9401,63.54,98,98,3.65
522,Usvyaty,RU,2021-07-28 00:14:55,55.7456,30.7533,63.05,97,98,6.42
523,Henties Bay,NA,2021-07-28 00:14:55,-22.116,14.2845,56.86,85,0,4.74
524,Mayskiy,RU,2021-07-28 00:14:56,47.6931,40.1025,73.44,64,22,5.64
525,Kothi,IN,2021-07-28 00:14:56,24.75,80.7833,76.05,90,100,13.44
526,Yinchuan,CN,2021-07-28 00:10:36,38.4681,106.2731,74.39,52,23,3.4
527,Port Moresby,PG,2021-07-28 00:14:56,-9.4431,147.1797,81.48,76,82,3.49
528,Goderich,CA,2021-07-28 00:14:57,43.7501,-81.7165,70.92,82,17,5.88
529,Roros,NO,2021-07-28 00:14:57,62.5747,11.3842,55.24,94,90,3.44
530,Brooks,CA,2021-07-28 00:14:57,50.5834,-111.8851,90.25,19,100,11.1
531,Apatou,GF,2021-07-28 00:14:57,5.155,-54.3472,74.5,97,84,4.14
532,Turukhansk,RU,2021-07-28 00:14:58,65.8167,87.9833,51.84,92,100,7.31
533,Yaan,NG,2021-07-28 00:14:48,7.3833,8.5667,70.86,83,28,3.33
534,Evensk,RU,2021-07-28 00:14:58,61.95,159.2333,60.44,50,95,11.54
535,Billings,US,2021-07-28 00:14:18,45.7833,-108.5007,103.77,12,20,8.05
536,Bonthe,SL,2021-07-28 00:13:28,7.5264,-12.505,77.07,84,100,11.07
537,Ourinhos,BR,2021-07-28 00:14:58,-22.9789,-49.8706,65.52,80,84,8.97
538,Tilichiki,RU,2021-07-28 00:14:59,60.4667,166.1,58.48,60,75,15.86
539,Bodden Town,KY,2021-07-28 00:14:59,19.2833,-81.25,73.4,94,75,4.61
540,Zhigansk,RU,2021-07-28 00:13:34,66.7697,123.3711,55.8,60,28,14.72
541,Kano,NG,2021-07-28 00:15:01,12.0001,8.5167,70.38,86,92,9.89
542,Flinders,AU,2021-07-28 00:13:40,-34.5833,150.8552,68.05,42,78,9.6
543,Katherine,AU,2021-07-28 00:15:01,-14.4667,132.2667,75.52,64,25,5.75
544,Pimenta Bueno,BR,2021-07-28 00:15:01,-11.6725,-61.1936,81.7,45,41,8.41
545,Kasongo,CD,2021-07-28 00:15:02,-4.45,26.6667,71.78,41,28,3.76
546,Port Keats,AU,2021-07-28 00:15:02,-14.25,129.55,80.4,55,66,2.39
547,Marsh Harbour,BS,2021-07-28 00:15:02,26.5412,-77.0636,84.58,69,56,5.66
548,Palm Coast,US,2021-07-28 00:15:03,29.585,-81.2078,81.0,55,89,6.4
549,Gizo,SB,2021-07-28 00:15:03,-8.103,156.8419,83.14,72,86,8.01
550,West Bay,KY,2021-07-28 00:15:04,19.3667,-81.4167,83.73,74,96,15.01
551,Vila,PT,2021-07-28 00:15:04,42.0304,-8.1588,54.73,93,0,4.76
552,Nueva Loja,EC,2021-07-28 00:15:04,0.0847,-76.8828,74.16,84,62,0.72
553,Kangaatsiaq,GL,2021-07-28 00:15:05,68.3065,-53.4641,46.0,77,100,14.38
554,Wodonga,AU,2021-07-28 00:11:36,-36.1167,146.8833,53.6,82,90,6.91
555,Kalmunai,LK,2021-07-28 00:11:07,7.4167,81.8167,80.6,71,99,3.49
556,San Carlos,VE,2021-07-28 00:15:06,9.6612,-68.5827,76.51,90,94,2.28
557,Esperance,AU,2021-07-28 00:11:01,-33.8667,121.9,50.18,74,23,14.74
558,Diamantino,BR,2021-07-28 00:15:07,-14.4086,-56.4461,82.26,39,66,8.57
559,Abha,SA,2021-07-28 00:15:07,18.2164,42.5053,62.85,94,0,4.61
560,Moncao,PT,2021-07-28 00:15:07,42.0789,-8.4808,65.3,91,0,4.65
